"Data","ACP","DNP","PKN","PZU"
2021-01-04,62.172,293.6,53.5628,27.2369
2021-01-05,62.8126,287.2,54.1258,27.1263
2021-01-07,61.9896,280.4,57.122,28.4786
2021-01-08,61.7147,279.8,58.103,28.5809
2021-01-11,61.8063,274.8,57.5944,28.751
2021-01-12,61.075,269,57.4493,28.079
2021-01-13,61.075,266.4,55.706,27.4665
2021-01-14,61.4407,261.8,56.2508,27.6282
2021-01-15,61.7147,257.6,54.5437,26.8373
2021-01-18,62.447,262,56.0323,27.2118
2021-01-19,62.172,263.8,55.0886,26.3614
2021-01-20,62.172,259.6,54.9245,26.591
2021-01-21,61.075,260,54.5981,26.1142
2021-01-22,61.898,270.2,54.1983,26.0129
2021-01-25,60.801,262.2,52.5819,25.8251
2021-01-26,61.4407,265.4,53.2174,25.8511
2021-01-27,61.4407,268.8,51.9464,25.3232
2021-01-28,60.9834,264.2,52.6725,25.8
2021-01-29,62.172,262.8,50.8748,25.366
2021-02-01,62.5377,261.4,51.9282,25.4004
2021-02-02,61.624,258,53.6172,26.353
2021-02-03,61.9896,258.4,53.5084,26.1058
2021-02-04,61.7147,265.8,53.1086,25.919
2021-02-05,61.9896,263.2,53.3443,26.0129
2021-02-08,62.6293,265.8,54.4521,25.5026
2021-02-09,61.8063,267,54.8701,25.3409
2021-02-10,62.8126,260.8,53.9798,25.4004
2021-02-11,62.6293,268.2,53.9798,26.0296
2021-02-12,63.3606,266,54.2708,25.919
2021-02-15,63.6346,267.2,54.8338,26.0807
2021-02-16,63.4523,253,55.9417,26.9311
2021-02-17,62.172,242,55.5237,26.4971
2021-02-18,61.4407,247.2,53.5991,26.2248
2021-02-19,60.3437,251,55.1067,25.9952
2021-02-22,60.4353,250.2,54.0533,25.6132
2021-02-23,59.7947,241,54.2346,25.3149
2021-02-24,60.526,247.4,54.4521,25.4255
2021-02-25,60.9834,245.2,54.4159,25.4431
2021-02-26,60.8927,246.2,53.4349,24.8901
2021-03-01,60.526,248.8,54.8519,25.8762
2021-03-02,60.8927,243.4,55.3062,26.1142
2021-03-03,60.801,242.2,54.6706,26.1486
2021-03-04,61.2583,244.4,55.8329,26.2164
2021-03-05,60.0697,244.8,57.9035,25.8846
2021-03-08,60.252,242.4,60.5371,26.8373
2021-03-09,61.349,256.2,60.9007,28.2407
2021-03-10,61.9896,255.8,63.062,28.5381
2021-03-11,61.2583,265,62.1898,28.0622
2021-03-12,61.8063,259,62.771,28.4275
2021-03-15,62.172,254.6,62.0811,28.7249
2021-03-16,62.9033,258,60.3558,28.3597
2021-03-17,62.8126,249.4,59.3387,28.4108
2021-03-18,62.3553,251.6,59.1564,28.7333
2021-03-19,62.2637,248.4,57.831,28.4526
2021-03-22,61.9896,256,58.1936,28.6822
2021-03-23,62.9033,250.6,57.2499,28.3597
2021-03-24,61.9896,250.2,57.0495,28.6571
2021-03-25,61.9896,253,56.2146,28.3931
2021-03-26,61.8063,260.8,57.2499,28.4191
2021-03-29,61.2583,258.6,58.2127,28.9973
2021-03-30,61.2583,253.4,58.6478,29.1673
2021-03-31,61.8063,260.6,57.6306,28.9973
2021-04-01,61.8063,264.3,58.3033,28.9973
2021-04-06,63.9096,269.2,60.1192,29.3802
2021-04-07,65.4181,268.3,60.3005,28.9378
2021-04-08,64.6409,266.6,58.6659,28.9889
2021-04-09,65.6004,265.7,58.6841,28.2491
2021-04-12,64.6409,261.9,58.8482,28.2825
2021-04-13,65.1889,261.6,57.7222,27.934
2021-04-14,64.2753,261.6,59.5743,28.0957
2021-04-15,63.3606,257,61.1908,27.6793
2021-04-16,63.2241,262.1,60.9914,27.5938
2021-04-19,63.5898,257.1,60.1736,27.5009
2021-04-20,63.1783,257.3,60.1192,27.3131
2021-04-21,63.1783,251.1,60.3196,27.2964
2021-04-22,63.9096,250.2,60.791,27.3819
2021-04-23,64.092,244.5,60.3921,27.6366
2021-04-26,63.4523,256.5,60.6278,27.8829
2021-04-27,63.9554,247.6,60.7728,27.6022
2021-04-28,64.6868,247.4,60.9914,27.9256
2021-04-29,64.092,243.4,61.2996,27.9089
2021-04-30,64.4118,246.2,60.5915,27.7816
2021-05-04,63.3606,244.9,60.9551,27.2964
2021-05-05,63.6346,256.5,62.7166,27.7899
2021-05-06,63.818,247.3,62.5715,28.1896
2021-05-07,64.6409,254.1,63.5887,28.487
2021-05-10,64.7784,256.5,65.187,28.7082
2021-05-11,64.4576,273.4,65.5678,29.9239
2021-05-12,64.1378,275.9,66.4762,29.2696
2021-05-13,63.5898,270.8,67.2033,29.1246
2021-05-14,64.5034,271.4,69.4371,29.2519
2021-05-17,64.5493,272,69.4371,29.5503
2021-05-18,64.4118,275,69.7453,29.7798
2021-05-19,64.5951,274.6,68.293,29.8728
2021-05-20,65.2806,274.6,69.8369,30.0345
2021-05-21,64.9149,277.3,69.0191,30.1367
2021-05-24,66.6984,284,68.7472,29.7371
2021-05-25,67.4755,280.1,69.0917,29.7798
2021-05-26,67.6579,280.4,69.709,29.9323
2021-05-27,67.5662,283.9,71.0898,30.7576
2021-05-28,66.8349,285,72.5974,31.3784
2021-05-31,67.0182,284.6,74.2864,31.5141
2021-06-01,66.9266,283.8,74.1776,31.7103
2021-06-02,67.7858,286.1,73.7234,32.2289
2021-06-04,66.8788,286.6,74.0507,32.4919
2021-06-07,66.9743,286.1,74.0507,32.016
2021-06-08,67.6903,282.9,73.5602,31.7697
2021-06-09,66.4492,279.8,72.9056,31.9305
2021-06-10,67.7381,271.7,75.1767,32.8153
2021-06-11,66.7833,264.4,73.8684,32.543
2021-06-14,67.2607,270.2,75.4668,32.8153
2021-06-15,67.6426,269.2,74.8131,32.9343
2021-06-16,67.4994,270,73.4686,32.8832
2021-06-17,67.3084,269.2,73.9228,32.9343
2021-06-18,69.6953,274.3,71.3073,32.7559
2021-06-21,68.5973,270.2,71.8159,32.8404
2021-06-22,68.8837,275,72.1795,32.6369
2021-06-23,68.7883,272.8,72.3789,32.4835
2021-06-24,70.2681,274,72.5068,33.0282
2021-06-25,71.6525,278,72.0888,32.9092
2021-06-28,73.18,276.6,71.7434,32.6964
2021-06-29,72.9414,278.6,69.9276,32.3813
2021-06-30,73.6574,279.9,69.7272,31.2084
2021-07-01,72.5117,280.9,70.6718,31.3441
2021-07-02,73.9916,287.1,70.3083,31.7186
2021-07-05,73.4187,286,70.6537,31.7186
2021-07-06,73.8483,297.5,68.7281,31.1656
2021-07-07,75.901,305.6,68.1107,31.7604
2021-07-08,75.7101,300.3,66.6212,31.3106
2021-07-09,75.7578,292,67.6937,31.5225
2021-07-12,73.5142,300.3,68.5649,31.2502
2021-07-13,75.4714,304,67.584,31.463
2021-07-14,75.8055,300.4,68.3655,31.9733
2021-07-15,76.2352,299.3,67.2758,32.0077
2021-07-16,75.7101,299,67.3121,32.0244
2021-07-19,75.6146,300,65.0964,31.1405
2021-07-20,75.0418,310.5,65.8407,31.0039
2021-07-21,75.6623,306.3,67.2147,31.9138
2021-07-22,77.0944,298.7,65.5735,31.3357
2021-07-23,76.7125,302.5,66.2223,31.3952
2021-07-26,75.9965,299.4,67.1193,31.3701
2021-07-27,76.3306,296.4,66.2605,31.3784
2021-07-28,76.0442,299.7,68.2644,31.9222
2021-07-29,76.7125,305.5,69.2186,31.8887
2021-07-30,76.5693,308.3,69.6003,31.9733
2021-08-02,76.3784,307.5,68.9323,31.9649
2021-08-03,75.4236,313.4,70.3064,31.7186
2021-08-04,75.901,309.5,70.5354,32.543
2021-08-05,75.3282,311.4,71.2797,32.569
2021-08-06,78.5743,308.1,70.6117,32.4752
2021-08-09,78.9561,311.5,69.5812,32.569
2021-08-10,78.3356,312.1,70.5545,32.9938
2021-08-11,78.0014,309.6,71.0888,33.4697
2021-08-12,78.622,322,72.1194,33.9121
2021-08-13,77.8582,321.4,71.5659,33.9632
2021-08-16,76.9035,331.2,70.5926,33.8191
2021-08-17,77.1422,340,70.8026,34.0394
2021-08-18,77.3331,334,70.0201,34.5246
2021-08-19,77.0944,338.5,67.501,33.9976
2021-08-20,76.9035,320.7,68.1499,33.9121
2021-08-23,77.0467,327.2,69.1804,34.1928
2021-08-24,76.5693,317.3,70.9552,34.176
2021-08-25,77.2854,318.1,70.8407,34.2271
2021-08-26,76.9512,326,69.3712,34.0571
2021-08-27,77.1899,320,70.1919,34.4391
2021-08-30,77.8582,323,70.5736,34.4391
2021-08-31,80.1018,324.6,70.898,34.5246
2021-09-01,84.9709,323.3,70.2682,34.6008
2021-09-02,82.0113,331.7,70.1346,34.6519
2021-09-03,81.7249,328.2,70.9552,34.7541
2021-09-06,81.7726,339,71.0888,35.4177
2021-09-07,81.152,338.3,71.7186,35.2049
2021-09-08,79.5767,335.4,71.7377,35.0181
2021-09-09,81.0566,340.6,71.1842,34.8136
2021-09-10,80.7224,340.3,71.127,34.6268
2021-09-13,82.0113,337.5,73.4553,34.9837
2021-09-14,80.6269,339.1,76.8141,35.7737
2021-09-15,81.6294,332.2,75.669,35.309
2021-09-16,83.0137,334.5,73.5698,35.3834
2021-09-17,83.9685,332,72.5965,35.0581
2021-09-20,82.5841,347.1,70.8216,33.7847
2021-09-21,81.152,343.6,71.6232,34.045
2021-09-22,81.0088,347,73.9515,34.5933
2021-09-23,80.4837,348.8,72.94,34.3982
2021-09-24,82.8705,333.6,75.2874,34.045
2021-09-27,81.6294,329.1,76.1652,34.0636
2021-09-28,81.8681,323.3,75.9171,33.5803
2021-09-29,84.9709,330.2,76.337,33.8498
2021-09-30,83.6343,332.2,78.2645,33.9242
2021-10-01,83.9207,333,77.5966,34.3145
2021-10-04,85.5438,331.9,78.1691,34.5748
2021-10-05,85.5438,340,78.2073,34.8629
2021-10-06,86.1644,347.9,77.8256,34.9558
2021-10-07,87.0714,351.5,77.024,35.7644
2021-10-08,88.408,348.9,80.3638,36.2477
2021-10-11,88.0261,354.8,83.4363,36.8983
2021-10-12,88.7899,362.8,84.0089,37.2236
2021-10-13,92.9907,370.3,83.0165,37.2236
2021-10-14,92.9429,349.7,85.2112,37.5489
2021-10-15,92.3701,360,86.4516,36.8519
2021-10-18,92.1314,361.3,85.3448,37.363
2021-10-19,94.3273,369.6,84.486,37.2143
2021-10-20,93.1339,368,85.9173,36.7589
2021-10-21,94.7092,374,83.589,36.8983
2021-10-22,94.0409,368.2,82.4821,36.3221
2021-10-25,92.2746,374.8,85.4402,36.6009
2021-10-26,93.8499,365,85.402,37.4002
2021-10-27,92.2746,357,85.0203,36.731
2021-10-28,94.4228,358,83.4554,36.8054
2021-10-29,93.8022,356.4,82.1195,37.0842
2021-11-02,88.217,362.8,83.5318,37.8742
2021-11-03,90.7471,358.8,83.0165,37.0842
2021-11-04,88.7899,360,84.9249,38.0322
2021-11-05,87.6442,353.8,84.4096,37.6883
2021-11-08,88.1216,355,83.6844,37.7069
2021-11-09,90.6039,347,84.0089,37.4746
2021-11-10,86.8804,341.3,83.8371,36.7589
2021-11-12,88.5512,336,81.8523,36.8983
2021-11-15,90.6039,335.4,79.047,37.0842
2021-11-16,88.9808,335,79.6386,36.8333
2021-11-17,89.3627,335,77.2912,36.6195
2021-11-18,89.2195,335.8,75.0011,34.9001
2021-11-19,88.3125,336.4,73.6843,33.3479
2021-11-22,89.4104,335.1,75.5545,32.9947
2021-11-23,87.8351,332.2,75.669,33.4687
2021-11-24,83.2524,334.8,76.337,33.0877
2021-11-25,84.9232,335.9,75.0202,33.2364
2021-11-26,86.6895,334.7,70.2682,32.4928
2021-11-29,85.8302,335.6,68.3407,32.7159
2021-11-30,83.873,342,68.0353,33.2364
2021-12-01,84.0162,338,71.3751,33.8126
2021-12-02,82.8705,338,70.23,34.3982
2021-12-03,82.5364,335.7,70.3827,34.0915
2021-12-06,84.0162,337,70.1919,34.0636
2021-12-07,82.6796,336.2,72.8827,34.9093
2021-12-08,82.1545,344,71.5659,34.4725
2021-12-09,82.7751,338.2,70.3445,34.4632
2021-12-10,82.1068,335,70.1346,34.1937
2021-12-13,82.5364,338.8,70.7835,34.2866
2021-12-14,82.25,346.3,71.4705,34.2123
2021-12-15,82.4886,348.7,68.5697,33.2828
2021-12-16,85.496,348.6,71.3369,33.1806
2021-12-17,81.2475,347.5,69.5621,33.1899
2021-12-20,83.873,349.1,67.73,32.6415
2021-12-21,83.1092,346.6,68.3216,32.3627
2021-12-22,82.6319,356.7,69.1995,32.3441
2021-12-23,83.2524,355.6,69.6575,32.5114
2021-12-27,83.8253,355.4,68.3216,32.3906
2021-12-28,83.0615,359,69.3903,33.097
2021-12-29,81.9158,358.9,70.5545,33.0598
2021-12-30,82.5364,367.3,70.9362,32.8553
2022-01-03,81.5339,362.3,71.7186,33.5245
2022-01-04,81.152,360.5,72.8637,33.4037
2022-01-05,81.6294,357,75.4019,33.6825
2022-01-07,79.0516,347,76.2034,33.0877
2022-01-10,76.9035,346.3,74.2568,32.9947
2022-01-11,76.8557,353.7,75.5164,34.2495
2022-01-12,78.0014,352.6,78.4363,34.4632
2022-01-13,77.7627,358.9,77.7111,35.151
2022-01-14,77.7627,354.3,78.3981,34.7978
2022-01-17,78.7175,346.9,77.8256,34.5933
2022-01-18,77.3808,338,76.337,33.5989
2022-01-19,80.6269,342.5,77.1576,33.5524
2022-01-20,81.7249,335.3,77.0622,33.8684
2022-01-21,79.1948,347.2,74.2186,33.0784
2022-01-24,75.901,344,69.4667,31.7772
2022-01-25,76.2829,342,71.0316,32.3069
2022-01-26,77.0467,340.5,71.0507,33.2736
2022-01-27,77.3331,317.7,70.4209,34.1844
2022-01-28,77.8582,305.1,68.4934,33.3572
2022-01-31,78.3356,314,67.7491,33.6453
2022-02-01,77.6673,312.5,68.4361,34.0915
2022-02-02,77.715,322.9,68.0353,34.5283
2022-02-03,76.7603,311.8,67.9018,34.3796
2022-02-04,75.2327,303,65.7643,33.3758
2022-02-07,77.0944,302.1,65.3636,33.5152
2022-02-08,75.5191,305,68.3216,34.1658
2022-02-09,77.1422,299.4,69.9056,33.952
2022-02-10,75.901,293.5,67.959,33.3665
2022-02-11,75.901,282.4,68.3407,33.6639
2022-02-14,76.3784,281.5,67.3483,32.688
2022-02-15,75.901,296,69.9247,32.9204
2022-02-16,75.5191,293,70.3445,33.3479
2022-02-17,76.092,296,68.4934,32.8181
2022-02-18,76.2829,290.1,67.7109,32.0746
2022-02-21,74.8508,289,65.001,30.8663
2022-02-22,74.4689,285,66.5086,31.4705
2022-02-23,73.5142,285.5,65.0773,30.7827
2022-02-24,68.1677,269,60.0772,28.7008
2022-02-25,71.4138,285,66.6613,30.95
2022-02-28,70.65,295.2,67.8063,29.3142
2022-03-01,69.8385,299.1,69.6766,28.2546
2022-03-02,70.1726,298,73.9133,29.1097
2022-03-03,70.1726,290,75.4782,28.9796
2022-03-04,68.7883,270.6,71.0125,27.1951
2022-03-07,68.3109,273.5,74.1423,27.8736
2022-03-08,67.3562,263.6,73.837,27.5204
2022-03-09,72.5117,267.4,70.6499,29.2027
2022-03-10,70.1249,266.1,71.2415,29.0911
2022-03-11,73.0846,290.3,74.0469,29.8626
2022-03-14,70.4591,273.6,70.4209,29.9276
2022-03-15,71.7479,275.1,71.5659,30.9221
2022-03-16,71.7957,296.7,71.0697,31.9352
2022-03-17,74.8031,315,73.1308,31.8794
2022-03-18,74.087,313.3,71.356,31.9724
2022-03-21,75.0895,316,74.4286,31.1359
2022-03-22,75.1372,317.6,74.4667,31.7865
2022-03-23,73.4187,318.1,75.3446,31.8422
2022-03-24,78.622,329.6,74.6576,31.9445
2022-03-25,76.9512,333.9,74.1041,31.5355
2022-03-28,76.5693,340.9,73.8179,31.331
2022-03-29,76.5216,345.2,72.043,31.6656
2022-03-30,77.1899,345.5,72.1575,31.7865
2022-03-31,76.999,340.5,72.5392,31.4612
2022-04-01,75.9965,344.9,72.9782,32.1489
2022-04-04,78.2878,341,75.3828,31.7772
2022-04-05,78.8129,333,72.8064,31.6285
2022-04-06,75.9487,341.2,73.4744,31.2753
2022-04-07,77.0467,334.2,70.8026,30.792
2022-04-08,78.3356,334,72.5201,30.8849
2022-04-11,78.2878,329.7,75.0965,31.7493
2022-04-12,77.3331,333.9,76.6996,31.3682
2022-04-13,73.5619,341.2,77.8637,31.0429
2022-04-14,73.18,337.8,77.3675,31.0336
2022-04-19,75.901,322,76.8904,31.4333
2022-04-20,75.8533,327,75.8026,30.6712
2022-04-21,74.6121,318.9,74.7912,30.5689
2022-04-22,73.4187,316.5,72.6156,29.9183
2022-04-25,74.4212,315.6,69.5812,29.5558
2022-04-26,71.6047,314.8,70.6308,29.1748
2022-04-27,71.6047,313.9,71.585,28.7937
2022-04-28,72.7504,302.6,72.5201,29.3978
2022-04-29,74.4212,288.1,71.8713,28.5335
2022-05-02,73.8006,286.8,69.1422,28.3941
2022-05-04,73.0368,281.1,70.6117,28.5428
2022-05-05,71.1751,278.3,69.1804,27.697
2022-05-06,71.0796,277,71.4705,27.9665
2022-05-09,70.1726,267.3,71.9667,27.5762
2022-05-10,72.1298,283.7,70.6117,27.288
2022-05-11,71.7957,292,68.8751,27.1114
2022-05-12,71.6047,295.2,66.7949,27.0092
2022-05-13,73.3232,301.7,70.1346,27.8271
2022-05-16,73.371,289.7,70.459,27.3996
2022-05-17,74.7553,300.2,69.5048,27.9293
2022-05-18,71.8434,296.9,69.7148,27.8364
2022-05-19,71.7002,294.7,68.1308,27.9944
2022-05-20,73.8006,300.9,66.8521,28.1896
2022-05-23,75.5191,302.5,69.314,30.2064
2022-05-24,74.3734,293.6,68.4361,30.1042
2022-05-25,75.4236,282.1,68.0735,29.8904
2022-05-26,74.5644,293.2,68.3216,30.2994
2022-05-27,72.6549,290.7,67.1766,29.751
2022-05-30,72.7981,297.3,69.5621,30.5782
2022-05-31,73.5619,299.1,70.5163,30.0949
2022-06-01,73.7051,297.1,68.8751,29.9648
2022-06-02,73.6574,306.3,68.5506,29.4722
2022-06-03,72.9414,314.1,69.6575,28.7751
2022-06-06,74.0393,312.4,70.1346,29.8347
2022-06-07,72.6549,305.6,70.6499,28.9889
2022-06-08,70.65,306.6,69.9819,27.9293
2022-06-09,70.5,306.5,69.8674,28.078
2022-06-10,70.9,303.8,67.5201,27.3159
2022-06-13,69.85,304,67.2529,26.8233
2022-06-14,68,307.1,67.5773,27.0185
2022-06-15,68.25,296.6,67.501,26.8698
2022-06-17,72.3,289.4,64.5048,27.6598
2022-06-20,70.95,294.9,63.5887,27.8364
2022-06-21,72.85,295.2,66.2414,28.1245
2022-06-22,72.2,297.4,63.1116,27.8178
2022-06-23,73.45,298.5,61.5467,27.2137
2022-06-24,76,309.2,61.7375,27.604
2022-06-27,76.2,314.8,64.3521,27.697
2022-06-28,77,320,65.6116,28.2175
2022-06-29,75.85,319.4,66.1269,28.2825
2022-06-30,75.5,319,65.3826,27.8643
2022-07-01,75.95,325.1,64.9055,27.8643
2022-07-04,74.35,335.4,67.9781,27.9015
2022-07-05,74.1,335.7,66.4132,26.9906
2022-07-06,75.5,331.6,64.6384,27.0371
2022-07-07,76.15,337,67.272,27.7713
2022-07-08,75.6,336.4,70.001,28.2082
2022-07-11,75.05,345.9,67.3674,28.6543
2022-07-12,75.55,334.2,66.3368,27.5947
2022-07-13,74.4,330,67.3865,27.7899
2022-07-14,73.55,323.6,64.1422,27.5576
2022-07-15,75.05,327,65.5544,27.3438
2022-07-18,75.45,325,69.4285,28.3104
2022-07-19,73.95,327.5,69.4667,27.8178
2022-07-20,74.4,328.8,70.7071,27.8829
2022-07-21,75.75,330.4,70.0774,27.8457
2022-07-22,74.5,333.5,72.3293,27.9758
2022-07-25,72.75,331.2,72.94,28.0502
2022-07-26,72.8,335.4,74.4,27.381
2022-07-27,72.25,350.7,74.24,27.3717
2022-07-28,72.8,358.1,74.98,27.6319
2022-07-29,72.2,361.5,75.52,28.1431
2022-08-01,72.7,366,76.1,28.1803
2022-08-02,71.55,367.9,76.1,28.0316
2022-08-03,71.1,367.7,74.46,27.9293
2022-08-04,71.6,367.2,72.4,27.9758
2022-08-05,71.7,366.7,70.16,27.4832
2022-08-08,75.45,355.9,71.16,28.6264
2022-08-09,72.35,350,70.4,28.645
2022-08-10,72.75,351.5,71.08,28.2268
2022-08-11,73.2,354.6,72.22,29.1655
2022-08-12,74.4,364.5,72.3,29.2677
2022-08-16,75.85,382,69.7,28.3848
2022-08-17,73.95,373.1,67.5,27.6319
2022-08-18,76.25,371,68.26,28.2918
2022-08-19,77.6,354,68.3,28.1152
2022-08-22,74.1,355.5,65.2,27.5762
2022-08-23,74.65,365.2,69,27.7249
2022-08-24,74.65,366.2,66,27.7713
2022-08-25,74.65,376.1,64.82,26.9999
2022-08-26,73.5,382.6,62.5,26.5073
2022-08-29,72.1,374.3,64.12,25.6708
2022-08-30,71.45,359.4,61.14,26.0054
2022-08-31,71.7,343.7,60.98,26.1727
2022-09-01,70.25,335.5,57.2,25.1875
2022-09-02,69.7,342.8,59.56,25.6244
2022-09-05,70.9,339.3,59.62,25.6058
2022-09-06,71.35,329.7,56.92,24.8715
2022-09-07,71.6,340.5,58.08,24.9087
2022-09-08,71,339,55.42,24.7321
2022-09-09,73,345.1,57.32,25.7731
2022-09-12,73.7,351.9,58.38,26.5631
2022-09-13,72.1,342.2,56.42,26.2564
2022-09-14,73.4,344.2,57.06,26.1077
2022-09-15,74.9,351.6,56.82,26.3493
2022-09-16,73.9,350.3,56.58,25.6244
2022-09-19,75.95,345.2,57.9,26.1727
2022-09-20,74.15,343.2,56.24,25.6987
2022-09-21,73.35,346.6,58,25.8381
2022-09-22,73,343.1,58.4,26.2935
2022-09-23,72.45,320,55.06,25.5035
2022-09-26,71.3,321.5,51.68,24.8715
2022-09-27,70.95,325.4,53.56,25.55
2022-09-28,70.65,318.1,54.4,25.89
2022-09-29,71,303,53.4,24.18
2022-09-30,69.15,302,53.54,23.16
2022-10-03,69.15,300,52.88,23.59
2022-10-04,71.2,307.5,55.84,24.92
2022-10-05,70.7,310,54.56,24.1
2022-10-06,69.75,306,55.12,24.1
2022-10-07,68.9,302.2,53.64,23.71
2022-10-10,67.6,291.9,53.6,23.55
2022-10-11,66.85,286.2,52.5,23.97
2022-10-12,65.05,288.5,52.62,24.49
2022-10-13,64.6,287,53,23.57
2022-10-14,65,296.4,53.3,24.32
2022-10-17,65.95,289,54.14,24.21
2022-10-18,66.45,299.2,51.68,24.75
2022-10-19,64.65,294.4,50.4,24.6
2022-10-20,65.4,300.9,51,24.79
2022-10-21,65.6,297.4,50.26,24.7
2022-10-24,66.65,306.1,50.28,25.17
2022-10-25,67,308.4,51.26,25.2
2022-10-26,68.25,319.1,53.28,25.56
2022-10-27,69.3,316.9,55.58,25.71
2022-10-28,68.8,302.2,55.54,25.91
2022-10-31,68.75,312.2,54.92,26.8
2022-11-02,71.25,318.3,58.04,26.86
2022-11-03,70.9,310.7,59.96,26.35
2022-11-04,70.55,333.1,63,26.44
2022-11-07,70.35,330,60.5,27.27
2022-11-08,69.5,340.1,62.04,27.75
2022-11-09,68.9,335.2,61,27.9
2022-11-10,68.95,343,62.6,28.54
2022-11-14,68.05,355.9,63.44,29.01
2022-11-15,70.15,355.8,64.9,29.88
2022-11-16,71,352.4,64.1,29.62
2022-11-17,68.65,351.8,64.1,29.25
2022-11-18,70.45,357,62.76,29.59
2022-11-21,70.55,359,61.5,29.53
2022-11-22,71.55,368,64.14,30.05
2022-11-23,70.65,368.8,63.6,30.02
2022-11-24,72.2,373.2,64.04,32
2022-11-25,73.6,371,64.26,31.74
2022-11-28,74.3,369,62.6,31.91
2022-11-29,72.1,370,64.8,31.8
2022-11-30,73.1,363.8,65.3,31.6
2022-12-01,74.1,365.1,68.24,31.94
2022-12-02,74.95,354.5,64.5,31.62
2022-12-05,74.5,350,65.82,31.78
2022-12-06,74,351.4,64.22,31.9
2022-12-07,74.85,351.2,64.62,32.01
2022-12-08,75.15,357.4,62.98,32.67
2022-12-09,74.4,369.1,62.2,32.47
2022-12-12,75.1,378,63.74,32.82
2022-12-13,75.9,377.5,63.94,33.91
2022-12-14,75.8,380.7,63.58,33.65
2022-12-15,72.7,378.2,63.48,33.71
2022-12-16,73.15,376.2,62.5,33.49
2022-12-19,72.05,380.3,62.78,33.8
2022-12-20,71.4,385.1,63.8,34.6
2022-12-21,71.2,387.3,63.3,34.67
2022-12-22,72.55,382,63.7,34.95
2022-12-23,71.95,382.1,63.7,34.63
2022-12-27,71.85,376.8,63.72,34.55
2022-12-28,71.45,375,63.62,34.74
2022-12-29,72.5,376.7,64.5,35.7
2022-12-30,72.6,375.3,64.24,35.42
2023-01-02,73.2,369.2,64.6,34.61
2023-01-03,73,359.4,65.2,34.84
2023-01-04,73.35,360,65.76,35.85
2023-01-05,73.3,352.8,62.46,35.75
2023-01-09,75.85,365.3,62,36.6
2023-01-10,74.8,365,62,36.92
2023-01-11,73.1,365.2,62,36.8
2023-01-12,73.45,366.1,63.12,36.52
2023-01-13,72.8,363.5,62.5,36.24
2023-01-16,73.35,368.6,63.3,36.21
2023-01-17,73.85,363,62.46,35.84
2023-01-18,73.95,361.9,63.86,35.65
2023-01-19,73.55,354.7,63.3,36.3
2023-01-20,71.75,363.9,63.64,36.75
2023-01-23,73.45,370.3,64.98,37.05
2023-01-24,73.55,374.1,64.84,36.63
2023-01-25,73.4,375.4,64.36,36.28
2023-01-26,75.05,386.4,65.12,36.81
2023-01-27,74.65,387.2,67.56,36.51
2023-01-30,74.05,392.6,65.94,36.51
2023-01-31,76.15,391.1,64.92,36.72
2023-02-01,75.75,380.4,62.88,36.67
2023-02-02,78.15,380,63.56,37.17
2023-02-03,79,385.9,63.04,37.2
2023-02-06,77.3,379.5,62.04,35.86
2023-02-07,78.2,382.4,62.62,35.93
2023-02-08,78.15,376.9,64.5,35.93
2023-02-09,81.65,376,64.18,36.37
2023-02-10,78.7,365.5,63.5,35.29
2023-02-13,79.55,364,63.42,36.05
2023-02-14,79.1,359.3,63.62,35.72
2023-02-15,80.5,370,63.8,36.17
2023-02-16,80.5,368,63.3,36.2
2023-02-17,79.75,371.4,63.3,36.1
2023-02-20,79.25,370,63.24,35.72
2023-02-21,78.8,371.5,62.8,35.59
2023-02-22,78.5,363.8,62.4,35.04
2023-02-23,78.45,372.5,64.2,36.01
2023-02-24,78.9,370,62.56,36.21
2023-02-27,80.25,370.8,63.04,36.19
2023-02-28,79.85,371.6,66.66,36.62
2023-03-01,80.4,373.4,66.28,36.76
2023-03-02,78.95,376.2,65.16,36.14
2023-03-03,79.6,382.7,65.6,36.56
2023-03-06,80.3,389.1,66.34,37.46
2023-03-07,80.1,394.3,65.1,37.04
2023-03-08,80.05,403.5,65.16,37.13
2023-03-09,80.1,407.4,63.48,36.84
2023-03-10,77.5,414.6,62.46,35.63
2023-03-13,76.75,405.1,59.98,34.85
2023-03-14,74.8,412.6,59.72,34.1
2023-03-15,75.15,405,56.46,33.18
2023-03-16,75.45,409.3,55.52,32.92
2023-03-17,73.05,411.5,55.44,31.73
2023-03-20,73,410.3,55.68,31.63
2023-03-21,75,414.1,57.84,33.25
2023-03-22,75.45,414.7,57.7,32.81
2023-03-23,75.4,403.3,57.62,32.9
2023-03-24,75.05,387.2,56.26,32
2023-03-27,75.1,391.1,56.78,32.12
2023-03-28,75,400.4,56.98,32.23
2023-03-29,75,385.3,56.86,32.8
2023-03-30,75.35,382.9,58.36,35.02
2023-03-31,76.1,391.1,58.24,35.08
2023-04-03,75,387.5,59.78,35.2
2023-04-04,75.05,389.4,59.3,36
2023-04-05,76,383.4,58.98,36.02
2023-04-06,75.1,379.7,58.6,36.05
2023-04-11,75.65,374,60.54,36.48
2023-04-12,77.3,373.5,61.12,37.11
2023-04-13,77.95,388,61.12,37.06
2023-04-14,79.1,392.9,61.34,37.12
2023-04-17,81.95,393.5,61.7,37.17
2023-04-18,83.45,395,62.36,38.32
2023-04-19,83.5,397.1,61.72,38.5
2023-04-20,84.4,399.7,61.3,38.59
2023-04-21,83.05,395.3,61.34,38.47
2023-04-24,83.3,399.5,62.02,38.75
2023-04-25,82.65,401.2,62.23,38.31
2023-04-26,83.35,404.3,63.09,38.05
2023-04-27,85.1,428.2,64.66,38.68
2023-04-28,84.4,423.4,63.42,38.3
2023-05-02,86.35,428.5,62.99,38.57
2023-05-04,87.3,414.9,61.92,38.06
2023-05-05,85.95,406.7,63.05,39.33
2023-05-08,86.8,402,63.16,39.4
2023-05-09,87.8,408.2,62.63,39.45
2023-05-10,89.95,409.6,62.86,39.52
2023-05-11,88.15,405.6,62.47,38.79
2023-05-12,88.85,417.7,63.26,39.45
2023-05-15,87.3,420,63.81,39.23
2023-05-16,87.75,424.2,63.51,39.66
2023-05-17,87.75,421,63.43,39.65
2023-05-18,87.95,414.4,63.44,40.02
2023-05-19,89.35,423.5,64.47,40.54
2023-05-22,91,425.9,64.66,40.6
2023-05-23,91.85,422.5,64.09,40.96
2023-05-24,90.05,420.7,64.35,40.4
2023-05-25,87.1,425.2,62.57,40.37
2023-05-26,84.9,429.5,64.77,40.98
2023-05-29,84.15,424.3,64.05,40.48
2023-05-30,82.3,422,62.66,40.08
2023-05-31,82.35,416.1,60.19,38.58
